{"MAE": [0.13696636259555817, 0.19224813580513, 0.23970963060855865, 0.2952753007411957], "RMSE": [0.3280271589756012, 0.42920783162117004, 0.5375685095787048, 0.6528038382530212], "MAPE": [160.3284912109375, 199.5971221923828, 248.6959686279297, 298.6612548828125]}